Name,Profession
Abigail,SAP Consultant
Adah,Civil Engineer
Adia,Data Modeler
Alexandra,Assistant Manager
Alice,Manager
Alis,Project Manager
Alyssa,SAP Consultant
Amber,Civil Engineer
Amelia,Data Modeler
Amey,Assistant Manager
Amy,Manager
Anastasia,Project Manager
Angelina,SAP Consultant
Ani,Civil Engineer
Anna,Data Modeler
Anya,Assistant Manager
Ariel,Manager
Arya,Project Manager
Ash,SAP Consultant
Ashley,Civil Engineer
Audrey,Data Modeler
Ava,Assistant Manager
Badra,Manager
Beatrice,Project Manager
Belinda,SAP Consultant
Bella,Civil Engineer
Bency,Data Modeler
Berey,Assistant Manager
Bery,Manager
Bety,Project Manager
Bitsy,SAP Consultant
Brianna,Civil Engineer
Brooke,Data Modeler
Cadie,Assistant Manager
Cady,Manager
Caitlin,Project Manager
Callie,SAP Consultant
Candy,Civil Engineer
Cappi,Data Modeler
Carla,Assistant Manager
Carny,Manager
Caroline,Project Manager
Catherine,SAP Consultant
Cecilia,Civil Engineer
Ceila,Data Modeler
Charlotte,Assistant Manager
Chloe,Manager
Christina,Project Manager
Claire,SAP Consultant
Clara,Civil Engineer
Cora,Data Modeler
Daisy,Assistant Manager
Dandy,Manager
Daniella,Project Manager
Danya,SAP Consultant
Deborah,Civil Engineer
Deena,Data Modeler
Delcy,Assistant Manager
Delilah,Manager
Della,Project Manager
Desha,SAP Consultant
Dora,Civil Engineer
Dorothy,Data Modeler
Eddey,Assistant Manager
Edolie,Manager
Eleanor,Project Manager
Elena,SAP Consultant
Elina,Civil Engineer
Elise,Data Modeler
Eliza,Assistant Manager
Elizabeth,Manager
Ella,Project Manager
Eloise,SAP Consultant
Elyana,Civil Engineer
Elysha,Data Modeler
Emery,Assistant Manager
Emily,Manager
Emma,Project Manager
Emmy,SAP Consultant
Erica,Civil Engineer
Esther,Data Modeler
Ethlyn,Assistant Manager
Eve,Manager
Evelyn,Project Manager
Everly,SAP Consultant
Faith,Civil Engineer
Fanny,Data Modeler
Fauna,Assistant Manager
Felicity,Manager
Finley,Project Manager
Fiona,SAP Consultant
Freya,Civil Engineer
Gabriella,Data Modeler
Genevieve,Assistant Manager
Grace,Manager
Hadley,Project Manager
Hadly,SAP Consultant
Hailey,Civil Engineer
Hanah,Data Modeler
Hannah,Assistant Manager
Harmony,Manager
Harper,Project Manager
Hazel,SAP Consultant
Heavin,Civil Engineer
Helene,Data Modeler
Holly,Assistant Manager
Ida,Manager
Iris,Project Manager
Isabella,SAP Consultant
Isla,Civil Engineer
Ivy,Data Modeler
Jacey,Assistant Manager
Jade,Manager
Jaena,Project Manager
Jainy,SAP Consultant
Jalin,Civil Engineer
Jasmine,Data Modeler
Jennifer,Assistant Manager
Jessica,Manager
Jocelyn,Project Manager
Jordyn,SAP Consultant
Josephine,Civil Engineer
Jovita,Data Modeler
Joy,Assistant Manager
Joyce,Manager
Julia,Project Manager
Kaylee,SAP Consultant
Kimberly,Civil Engineer
Kylie,Data Modeler
Lauren,Assistant Manager
Layla,Manager
Leah,Project Manager
Lily,SAP Consultant
Linda,Civil Engineer
Lucinda,Data Modeler
Lucy,Assistant Manager
Luna,Manager
Lydia,Project Manager
Mackenzie,SAP Consultant
Madeline,Civil Engineer
Madison,Data Modeler
Maisie,Assistant Manager
Margaret,Manager
Maria,Project Manager
Megan,SAP Consultant
Melanie,Civil Engineer
Melody,Data Modeler
Mia,Assistant Manager
Mila,Manager
Molly,Project Manager
Morgan,SAP Consultant
Naomi,Civil Engineer
Natalie,Data Modeler
Nicole,Assistant Manager
Norah,Manager
Olivia,Project Manager
Pagi,SAP Consultant
Paige,Civil Engineer
Paisley,Data Modeler
Pamela,Assistant Manager
Payton,Manager
Phoebe,Project Manager
Piper,SAP Consultant
Poppy,Civil Engineer
Priscilla,Data Modeler
Queenie,Assistant Manager
Quinn,Manager
Rachel,Project Manager
Reagan,SAP Consultant
Reese,Civil Engineer
Riley,Data Modeler
Rose,Assistant Manager
Rosemary,Manager
Roxanne,Project Manager
Ruby,SAP Consultant
Sadie,Civil Engineer
Samantha,Data Modeler
Sarah,Assistant Manager
Scarlett,Manager
Skylar,Project Manager
Sophia,SAP Consultant
Stella,Civil Engineer
Summer,Data Modeler
Susan,Assistant Manager
Sylvia,Manager
Tabitha,Project Manager
Taylor,SAP Consultant
Teresa,Civil Engineer
Trinity,Data Modeler
Udeline,Assistant Manager
Unita,Manager
Valerie,Project Manager
Victoria,SAP Consultant
Violet,Civil Engineer
Vivian,Data Modeler
Willow,Assistant Manager
Winnie,Manager
Ximena,Project Manager
Yvonne,SAP Consultant
Zoe,Civil Engineer
Aaron,Data Modeler
Abel,Assistant Manager
Abraham,Manager
Adam,Project Manager
Aden,SAP Consultant
Adrian,Civil Engineer
Alan,Data Modeler
Alexander,Assistant Manager
Andi,Manager
Andrew,Project Manager
Anthony,SAP Consultant
Asher,Civil Engineer
Ashley,Data Modeler
Austin,Assistant Manager
Avery,Manager
Axel,Project Manager
Ayden,SAP Consultant
Barret,Civil Engineer
Bart,Data Modeler
Beau,Assistant Manager
Benjamin,Manager
Bennett,Project Manager
Berli,SAP Consultant
Binky,Civil Engineer
Blake,Data Modeler
Bobby,Assistant Manager
Brad,Manager
Brandon,Project Manager
Bravo,SAP Consultant
Brody,Civil Engineer
Bron,Data Modeler
Bruce,Assistant Manager
Bryan,Manager
Bryce,Project Manager
Bucky,SAP Consultant
Caleb,Civil Engineer
Calvin,Data Modeler
Camden,Assistant Manager
Cameron,Manager
Carlo,Project Manager
Carlos,SAP Consultant
Carter,Civil Engineer
Casey,Data Modeler
Cayle,Assistant Manager
Charles,Manager
Christian,Project Manager
Christopher,SAP Consultant
Chuck,Civil Engineer
Clark,Data Modeler
Clayton,Assistant Manager
Cole,Manager
Connor,Project Manager
Cooper,SAP Consultant
Cosmo,Civil Engineer
Cyan,Data Modeler
Dalas,Assistant Manager
Damian,Manager
Daniel,Project Manager
Danny,SAP Consultant
Darik,Civil Engineer
David,Data Modeler
Davin,Assistant Manager
Dawan,Manager
Dawson,Project Manager
Dean,SAP Consultant
Declan,Civil Engineer
Deep,Data Modeler
Dekle,Assistant Manager
Dennis,Manager
Derby,Project Manager
Dominic,SAP Consultant
Duke,Civil Engineer
Dylan,Data Modeler
Edward,Assistant Manager
Elliot,Manager
Emmanuel,Project Manager
Emmett,SAP Consultant
Eric,Civil Engineer
Ethan,Data Modeler
Everett,Assistant Manager
Ezekiel,Manager
Ezra,Project Manager
Fabian,SAP Consultant
Faris,Civil Engineer
Farlay,Data Modeler
Farold,Assistant Manager
Favian,Manager
Felix,Project Manager
Felman,SAP Consultant
Finch,Civil Engineer
Finley,Data Modeler
Fitz,Assistant Manager
Floyd,Manager
Frank,Project Manager
Fraze,SAP Consultant
Frederick,Civil Engineer
Gabriel,Data Modeler
Gavin,Assistant Manager
George,Manager
Giovanni,Project Manager
Graham,SAP Consultant
Grant,Civil Engineer
Grayson,Data Modeler
Hagan,Assistant Manager
Hamil,Manager
Hardy,Project Manager
Harrison,SAP Consultant
Hayden,Civil Engineer
Healy,Data Modeler
Hector,Assistant Manager
Henry,Manager
Hudson,Project Manager
Hunter,SAP Consultant
Ian,Civil Engineer
Isaac,Data Modeler
Ivaan,Assistant Manager
Ivan,Manager
Jack,Project Manager
Jackson,SAP Consultant
Jacob,Civil Engineer
James,Data Modeler
Jared,Assistant Manager
Jason,Manager
Jasper,Project Manager
Jayden,SAP Consultant
Jensen,Civil Engineer
Jeremiah,Data Modeler
Jesse,Assistant Manager
Jesus,Manager
Joel,Project Manager
John,SAP Consultant
Jonah,Civil Engineer
Jose,Data Modeler
Joshua,Assistant Manager
Julian,Manager
Justin,Project Manager
Kabir,SAP Consultant
Kacy,Civil Engineer
Kaiden,Data Modeler
Kevin,Assistant Manager
Kian,Manager
Kingston,Project Manager
Kirk,SAP Consultant
Kody,Civil Engineer
Landon,Data Modeler
Leonardo,Assistant Manager
Levi,Manager
Liam,Project Manager
Lincoln,SAP Consultant
Logan,Civil Engineer
Lorenzo,Data Modeler
Lucas,Assistant Manager
Luis,Manager
Maddox,Project Manager
Malachi,SAP Consultant
Marcus,Civil Engineer
Martin,Data Modeler
Mason,Assistant Manager
Matthew,Manager
Maverick,Project Manager
Maximus,SAP Consultant
Maxson,Civil Engineer
Melvin,Data Modeler
Michael,Assistant Manager
Miles,Manager
Miller,Project Manager
Nathaniel,SAP Consultant
Nicholas,Civil Engineer
Noah,Data Modeler
Nolan,Assistant Manager
Oliver,Manager
Oscar,Project Manager
Owen,SAP Consultant
Parker,Civil Engineer
Patrick,Data Modeler
Pery,Assistant Manager
Preston,Manager
Prim,Project Manager
Richard,SAP Consultant
Robert,Civil Engineer
Roman,Data Modeler
Ryan,Assistant Manager
Ryder,Manager
Samuel,Project Manager
Santiago,SAP Consultant
Sawyer,Civil Engineer
Sebastian,Data Modeler
Steven,Assistant Manager
Theodore,Manager
Thomas,Project Manager
Timothy,SAP Consultant
Tristan,Civil Engineer
Tucker,Data Modeler
Tyler,Assistant Manager
Victor,Manager
Vincent,Project Manager
Wesley,SAP Consultant
Weston,Civil Engineer
Xavier,Data Modeler
Zachary,Assistant Manager
